{
  "testId": "update_single-drizzle-1765287703460",
  "timestamp": "2025-12-09T13:41:43.460Z",
  "orm": "drizzle",
  "ormVersion": "1.0.0-beta.2",
  "scenario": "update_single",
  "metrics": {
    "latency": {
      "mean": 0.7420381320000481,
      "median": 0.7518384999857517,
      "p95": 0.8580349500160082,
      "p99": 0.925592379985319,
      "p999": 1.9946299199765478,
      "min": 0.462961000012001,
      "max": 4.237859000015305,
      "stddev": 0.11505442797095264
    },
    "throughput": {
      "rps": 1345.4663975114738,
      "totalRequests": 10000
    },
    "memory": {
      "heapUsed": [
        23629608,
        24086832,
        24482776,
        24787792,
        25237352,
        25717056,
        26181536,
        26748848,
        24037192,
        24520760,
        25042848,
        26511560,
        23622288,
        24072616,
        24550912,
        24971952,
        26015704,
        26525864,
        26977000,
        24413016,
        25276400,
        25956112,
        26527216,
        26884184,
        24083704,
        24678304,
        25302504,
        25832240,
        26570728,
        24307376,
        25048488,
        25494672,
        26058776,
        26794248,
        24172784,
        25443136,
        26864048,
        24210688,
        24680752,
        25217448,
        25811008,
        26507152,
        27328160,
        24476472,
        25009264,
        25491952,
        25961872,
        26556760,
        27176824,
        24756872,
        25763544,
        26449800,
        27212408,
        24295304,
        24893384,
        25456856,
        25902144,
        26459952,
        26881256,
        24468088,
        25234552,
        26623160,
        25067472,
        25834544,
        26312312,
        26842784,
        27316152,
        24464024,
        24938944,
        25472520,
        25976616,
        26483704,
        27516200,
        25072432
      ],
      "heapTotal": [
        33325056,
        33325056,
        33325056,
        33325056,
        33325056,
        33325056,
        33325056,
        33325056,
        33587200,
        33587200,
        33587200,
        33587200,
        33587200,
        33587200,
        33587200,
        33587200,
        33587200,
        33587200,
        33587200,
        33587200,
        33587200,
        33587200,
        33587200,
        33587200,
        33587200,
        33587200,
        33587200,
        33587200,
        33587200,
        33587200,
        33587200,
        33587200,
        33587200,
        33587200,
        33587200,
        33587200,
        33587200,
        33587200,
        33587200,
        33587200,
        33587200,
        33587200,
        33587200,
        33587200,
        33587200,
        33587200,
        33587200,
        33587200,
        33587200,
        33587200,
        33587200,
        33849344,
        33849344,
        33849344,
        33849344,
        33849344,
        33849344,
        33849344,
        33849344,
        33849344,
        33849344,
        33849344,
        33849344,
        33849344,
        33849344,
        33849344,
        33849344,
        33849344,
        33849344,
        33849344,
        33849344,
        33849344,
        33849344,
        33849344
      ],
      "rss": [
        133779456,
        133779456,
        133779456,
        133779456,
        133779456,
        133779456,
        133779456,
        133779456,
        133910528,
        133910528,
        133910528,
        133910528,
        133910528,
        133910528,
        133910528,
        133910528,
        134041600,
        134041600,
        134041600,
        134041600,
        134041600,
        134041600,
        134041600,
        134041600,
        134041600,
        134172672,
        134172672,
        134172672,
        134172672,
        134172672,
        134172672,
        134172672,
        134172672,
        134172672,
        134172672,
        134172672,
        134172672,
        134172672,
        134172672,
        134172672,
        134172672,
        134172672,
        134172672,
        134172672,
        134172672,
        134172672,
        134172672,
        134172672,
        134172672,
        134172672,
        134172672,
        134303744,
        134303744,
        134303744,
        134303744,
        134303744,
        134303744,
        134303744,
        134303744,
        134303744,
        134303744,
        134303744,
        134303744,
        134303744,
        134303744,
        134303744,
        134303744,
        134303744,
        134303744,
        134303744,
        134303744,
        134303744,
        134303744,
        134303744
      ],
      "external": [
        13882713,
        13899587,
        13908269,
        13916846,
        13933720,
        13942472,
        13959416,
        13968238,
        13891325,
        13908304,
        13917056,
        13959766,
        13968448,
        13891360,
        13908269,
        13916916,
        13950874,
        13959731,
        13976640,
        13899797,
        13925388,
        13934350,
        13959556,
        13959941,
        13882958,
        13908164,
        13916986,
        13934070,
        13951329,
        13891290,
        13908584,
        13925493,
        13942542,
        13959731,
        13882853,
        13925318,
        13959801,
        13891080,
        13899832,
        13916846,
        13933930,
        13951049,
        13968413,
        13891325,
        13908339,
        13925283,
        13934035,
        13951119,
        13968238,
        13899727,
        13925458,
        13942647,
        13968168,
        13890975,
        13899902,
        13916951,
        13933860,
        13942682,
        13951329,
        13891185,
        13916601,
        13951049,
        13908234,
        13925528,
        13942472,
        13951294,
        13968238,
        13891150,
        13908094,
        13916916,
        13925668,
        13942612,
        13968483,
        13908234
      ]
    },
    "cpu": {
      "usage": [
        21.9547,
        21.995213,
        22.036136,
        22.076327,
        22.116986,
        22.157641,
        22.198622,
        22.240041,
        22.283307,
        22.324929,
        22.365589,
        22.41046,
        22.452155,
        22.493391,
        22.535393,
        22.575394,
        22.618616,
        22.659363,
        22.699759,
        22.784163,
        22.824382,
        22.881847,
        22.92169,
        22.959585,
        23.000124,
        23.068132,
        23.107515,
        23.146371,
        23.186033,
        23.22841,
        23.268693,
        23.307453,
        23.346089,
        23.38572,
        23.425362,
        23.467065,
        23.510085,
        23.550358,
        23.589341,
        23.627957,
        23.6674,
        23.730292,
        23.771329,
        23.810445,
        23.848819,
        23.891416,
        23.92979,
        23.968009,
        24.006216,
        24.046989,
        24.08646,
        24.124979,
        24.16416,
        24.202553,
        24.240549,
        24.279031,
        24.316983,
        24.355779,
        24.393744,
        24.436022,
        24.475735,
        24.517802,
        24.561897,
        24.60151,
        24.639886,
        24.678517,
        24.716562,
        24.754838,
        24.792349,
        24.830843,
        24.868983,
        24.907297,
        24.948267,
        24.988978
      ]
    },
    "errors": {
      "count": 0,
      "types": {}
    }
  },
  "duration": 7432.366961000022,
  "iterations": 10000,
  "warmupIterations": 500
}