{
  "testId": "select_by_id-prisma-1765287930135",
  "timestamp": "2025-12-09T13:45:30.135Z",
  "orm": "prisma",
  "ormVersion": "7.1.0",
  "scenario": "select_by_id",
  "metrics": {
    "latency": {
      "mean": 1.3786795607998386,
      "median": 1.3584815000067465,
      "p95": 1.580198000051314,
      "p99": 1.8618321199913046,
      "p999": 3.082024138992712,
      "min": 1.018750999995973,
      "max": 4.197671000030823,
      "stddev": 0.15703030764918025
    },
    "throughput": {
      "rps": 724.9162700540552,
      "totalRequests": 10000
    },
    "memory": {
      "heapUsed": [
        24314840,
        28712232,
        33174760,
        25569032,
        30004240,
        22713608,
        27191624,
        31476904,
        24218752,
        28650752,
        33082728,
        25813736,
        30194304,
        34754504,
        27339040,
        31643000,
        36148176,
        28977312,
        33536816,
        38018088,
        21652592,
        25954848,
        30386000,
        22448448,
        26621808,
        30914744,
        23842240,
        28408680,
        21957280,
        26450688,
        31336264,
        24360800,
        28723976,
        33087224,
        25842600,
        30911984,
        24280304,
        29136040,
        33737416,
        26501024,
        30974768,
        35539240,
        28546112,
        32766400,
        37242064,
        30159136,
        34623024,
        19188128,
        24072968,
        28769704,
        20967520,
        25413224,
        30056368,
        22986472,
        27557320,
        32289336,
        25377784,
        29885504,
        22734200,
        27238136,
        31867456,
        24676240,
        29255792,
        33951360,
        26880360,
        31586200,
        36198144,
        29166520,
        33789776,
        26494904,
        30934168,
        35557256,
        28452368,
        33389024,
        38199880,
        21250584,
        26124328,
        30810200,
        23111064,
        27797520,
        21153064,
        25964336,
        30713400,
        23689480,
        28252024,
        32875600,
        25863776,
        30362904,
        35049888,
        28047904,
        32734224,
        25633200,
        30256752,
        34960688,
        27957592,
        32832200,
        37643376,
        30585208,
        35146064,
        28354416,
        33228656,
        37915712,
        22385000,
        27081264,
        32267344,
        24719808,
        29219032,
        22215488,
        26839432,
        31151504,
        23994864,
        28368632,
        33117432,
        26155768,
        30842616,
        23748680,
        28309968,
        32996664,
        25973888,
        31098104,
        35847448,
        28831744,
        33517872,
        38204336,
        31126928,
        35751296,
        28679680,
        33490664,
        38177424,
        21046048,
        25983024,
        30794296,
        23074648,
        27822912,
        20893464,
        25830760,
        30453936
      ],
      "heapTotal": [
        54968320,
        54968320,
        54968320,
        56279040,
        56279040,
        56803328,
        56803328,
        56803328,
        57589760,
        57589760,
        57589760,
        58900480,
        58900480,
        58900480,
        59162624,
        59162624,
        59162624,
        60735488,
        60735488,
        60735488,
        59949056,
        59949056,
        59949056,
        59949056,
        59949056,
        59949056,
        59949056,
        59949056,
        59949056,
        59949056,
        59949056,
        59949056,
        59949056,
        59949056,
        59949056,
        59949056,
        59949056,
        59949056,
        59949056,
        59949056,
        59949056,
        59949056,
        60735488,
        60735488,
        60735488,
        61521920,
        61521920,
        61521920,
        61521920,
        61521920,
        61521920,
        61521920,
        61521920,
        61521920,
        61521920,
        61521920,
        61521920,
        61521920,
        61521920,
        61521920,
        61521920,
        61521920,
        61521920,
        61521920,
        61521920,
        61521920,
        61521920,
        61521920,
        61521920,
        61521920,
        61521920,
        61521920,
        62046208,
        62046208,
        62046208,
        62308352,
        62308352,
        62308352,
        62308352,
        62308352,
        62308352,
        62308352,
        62308352,
        62308352,
        62308352,
        62308352,
        62308352,
        62308352,
        62308352,
        62308352,
        62308352,
        62308352,
        62308352,
        62308352,
        62308352,
        62308352,
        62308352,
        62570496,
        62570496,
        62570496,
        62570496,
        62570496,
        61784064,
        61784064,
        61784064,
        61784064,
        61784064,
        61784064,
        61784064,
        61784064,
        61784064,
        61784064,
        61784064,
        61784064,
        61784064,
        61784064,
        61784064,
        61784064,
        61784064,
        61784064,
        61784064,
        61784064,
        61784064,
        61784064,
        61784064,
        61784064,
        62570496,
        62570496,
        62570496,
        62832640,
        62832640,
        62832640,
        62832640,
        62832640,
        62832640,
        62832640,
        62832640
      ],