{
  "testId": "select_by_id-drizzle-1765287575983",
  "timestamp": "2025-12-09T13:39:35.983Z",
  "orm": "drizzle",
  "ormVersion": "1.0.0-beta.2",
  "scenario": "select_by_id",
  "metrics": {
    "latency": {
      "mean": 0.885897797400004,
      "median": 0.8820400000001882,
      "p95": 1.034996499999852,
      "p99": 1.1318012300001192,
      "p999": 2.2023927409997746,
      "min": 0.5530300000000352,
      "max": 3.629632999999558,
      "stddev": 0.11885469124202105
    },
    "throughput": {
      "rps": 1127.423998604693,
      "totalRequests": 10000
    },
    "memory": {
      "heapUsed": [
        31496368,
        24062944,
        29856616,
        22492656,
        28302840,
        20936256,
        26852880,
        32753776,
        25288272,
        31098640,
        23701176,
        29759088,
        22510048,
        28772224,
        21866176,
        27988904,
        21408400,
        27891504,
        20814648,
        26897552,
        33051608,
        25838224,
        31959336,
        24613632,
        30827864,
        23743168,
        29994432,
        23508344,
        29268712,
        22958504,
        29284992,
        22721736,
        29050240,
        22619040,
        29061368,
        22120408,
        28278480,
        34326160,
        27124304,
        33517712,
        26568624,
        33174176,
        26302048,
        32910784,
        26307696,
        32869488,
        26036992,
        32766560,
        26035352,
        32416360,
        25688464,
        33425224,
        26640944,
        33519192,
        26707536,
        33133000,
        26338600,
        33103816,
        26250880,
        32901944,
        26200600,
        32738968,
        26263264,
        32745176,
        25670952,
        32152816,
        25851368,
        32896808,
        27209208,
        34029736,
        27665136,
        34035920,
        27051536,
        33760736,
        26688488,
        33395784,
        26329048,
        32923656,
        26215784,
        32473576,
        25634736,
        32003296,
        25132984,
        31732152,
        24762408,
        31225248,
        24093808,
        30498392
      ],
      "heapTotal": [
        56393728,
        56393728,
        56655872,
        56655872,
        56655872,
        56655872,
        56655872,
        56655872,
        56655872,
        56655872,
        56655872,
        56655872,
        56655872,
        56655872,
        56655872,
        56655872,
        56655872,
        56655872,
        56655872,
        56655872,
        56655872,
        56655872,
        56655872,
        56655872,
        56655872,
        56655872,
        56655872,
        56655872,
        56655872,
        56655872,
        56655872,
        56655872,
        56655872,
        56655872,
        56655872,
        56655872,
        56655872,
        56655872,
        56918016,
        56918016,
        56918016,
        56918016,
        56918016,
        56918016,
        56918016,
        56918016,
        56918016,
        56918016,
        56918016,
        56918016,
        56918016,
        56918016,
        56918016,
        56918016,
        56918016,
        56918016,
        56918016,
        56918016,
        56918016,
        56918016,
        56918016,
        56918016,
        56918016,
        56918016,
        56918016,
        56918016,
        56918016,
        56918016,
        56918016,
        56918016,
        56918016,
        56918016,
        56918016,
        56918016,
        56918016,
        56918016,
        56918016,
        56918016,
        56918016,
        56918016,
        56918016,
        56918016,
        56918016,
        56918016,
        56918016,
        56918016,
        56918016,
        56918016
      ],
      "rss": [
        151793664,
        151793664,
        151924736,
        151924736,
        151924736,
        151924736,
        152055808,
        152055808,
        152055808,
        152055808,
        152055808,
        152186880,
        152317952,
        152317952,
        152317952,
        152317952,
        152317952,
        152317952,
        152317952,
        152317952,
        152317952,
        152317952,
        152317952,
        152317952,
        152317952,
        152317952,
        152317952,
        152317952,
        152317952,
        152317952,
        152317952,
        152317952,
        152317952,
        152317952,
        152317952,
        152317952,
        152317952,
        152317952,
        152973312,
        152973312,
        152973312,
        152973312,
        152973312,
        152973312,
        152973312,
        152973312,
        152973312,
        152973312,
        152973312,
        152973312,
        152973312,
        152973312,
        152973312,
        152973312,
        152973312,
        150626304,
        150626304,
        150626304,
        150626304,
        150626304,
        150626304,
        148680704,
        148680704,
        148680704,
        148680704,
        148680704,
        148680704,
        148680704,
        148680704,
        148680704,
        148680704,
        148680704,
        148680704,
        148680704,
        148680704,
        148680704,
        148680704,
        148680704,
        148680704,
        148680704,
        148680704,
        148680704,
        148680704,
        148680704,
        148811776,
        148811776,
        148811776,
        148811776
      ],
      "external": [
        14005999,
        13855207,
        13961191,
        13829751,
        13936743,
        13804295,
        13911959,
        14027815,
        13886839,
        13993831,
        13852519,
        13969383,
        13829079,
        13947287,
        13817191,
        13934727,
        13806311,
        13934391,
        13794423,
        13911959,
        14029831,
        13889191,
        14007063,
        13873607,
        13991479,
        13851175,
        13969719,
        13849495,
        13957159,
        13829415,
        13956823,
        13827399,
        13946951,
        13827063,
        13955479,
        13807655,
        13926199,
        14052263,
        13910951,
        14030839,
        13899399,
        14028487,
        13897047,
        14026471,
        13897047,
        14017607,
        13886839,
        14016935,
        13878311,
        14006391,
        13876631,
        14029159,
        13898391,
        14029495,
        13898727,
        14027143,
        13897047,
        14027479,
        13888183,
        14017943,
        13887175,
        14016263,
        13887511,
        14016263,
        13875959,
        14004711,
        13876967,
        14017271,
        13901415,
        14040375,
        13912295,
        14040375,
        13908599,
        14038695,
        13889863,
        14028151,
        13887847,
        14017271,
        13887175,
        14014583,
        13875287,
        13995175,
        13864071,
        13993495,
        13853191,
        13980935,
        13840631,
        13959847
      ]
    },