{
  "testId": "insert_single-drizzle-1765287692620",
  "timestamp": "2025-12-09T13:41:32.620Z",
  "orm": "drizzle",
  "ormVersion": "1.0.0-beta.2",
  "scenario": "insert_single",
  "metrics": {
    "latency": {
      "mean": 1.7697225959999967,
      "median": 1.7304840000069817,
      "p95": 2.1233898999875236,
      "p99": 2.5583586199920685,
      "p999": 4.395201908006298,
      "min": 1.2524339999945369,
      "max": 11.933531999995466,
      "stddev": 0.255846015904541
    },
    "throughput": {
      "rps": 564.6416460834026,
      "totalRequests": 10000
    },
    "memory": {
      "heapUsed": [
        22337520,
        23406136,
        22742920,
        23824248,
        23264648,
        22729952,
        23929744,
        23010528,
        23711912,
        22879112,
        23631496,
        22753984,
        23359240,
        22480608,
        23399840,
        22686592,
        23580952,
        22702512,
        23471792,
        22756376,
        23688376,
        22831040,
        23797992,
        23027280,
        23979976,
        22574400,
        23645488,
        23045760,
        23946760,
        23233024,
        24185752,
        23518520,
        22892536,
        24010432,
        23490704,
        22802752,
        23842848,
        23073128,
        22658368,
        23703888,
        23228088,
        22670136,
        23947392,
        23559096,
        23128920,
        24372992,
        23766128,
        23142968,
        24224144,
        23650280,
        23058976,
        24021032,
        23383960,
        24448136,
        23696240,
        22963712,
        25591936,
        25162176,
        24562968,
        23981464,
        23357728,
        25984936,
        25310584,
        24645752,
        23774552,
        23065440,
        25646528,
        24960528,
        24318312,
        23679120,
        26215240,
        25270344,
        24537640,
        23874696,
        23267744,
        25987064,
        25178648,
        24506016,
        24012528,
        23540112,
        26166960,
        25527112,
        24827680,
        24165312,
        23467120,
        26048160,
        25281664,
        24549152,
        23863984,
        23130712,
        25757920,
        25116368,
        24357312,
        23740768,
        23100088,
        25542768,
        24762984,
        24122224,
        23391040,
        25971720,
        25191832,
        24503664,
        23895256,
        23315632,
        25988408,
        25302352,
        24600856,
        23879616,
        23240120,
        25912952,
        25200248,
        24262792,
        23437720,
        25926472,
        24936304,
        23973000,
        26415568,
        25696264,
        24994488,
        24262752,
        23404472,
        26031264,
        25192416,
        24551216,
        23713744,
        26202496,
        25402680,
        24577712,
        23726992,
        26216088,
        25370064,
        24575712,
        23785328,
        26412360,
        25841480,
        25155856,
        24351104,
        23433904,
        25968720,
        25291952,
        24527928,
        23749024,
        26191848,
        25401816,
        24610448,
        23855656,
        26344496,
        25566808,
        24741648,
        24008200,
        26588816,
        25784032,
        25005120,
        24225648,
        23518440,
        26099304,
        25272152,
        24447176,
        23597336,
        26179408,
        25425248,
        24666008,
        23912728,
        26493920,
        25758312,
        25073144,
        24386416,
        23791192,
        26326032,
        25639096,
        24952272,
        24239224,
        23578168,
        26159088,
        25425600,
        24850872
      ],
      "heapTotal": [
        28606464,
        28606464,
        28606464,
        28606464,
        28606464,
        28606464,
        28606464,
        28606464,
        28606464,
        28606464,
        28606464,
        28606464,
        28606464,
        28606464,
        28606464,
        28606464,
        28606464,
        28606464,
        28606464,
        28606464,
        28606464,
        28606464,
        28606464,
        28606464,
        28606464,
        28606464,
        28606464,
        28606464,
        28606464,
        28606464,
        28606464,
        28606464,
        28606464,
        28606464,
        28606464,
        28606464,
        28606464,
        28606464,
        28606464,
        28606464,
        28606464,
        28606464,
        28606464,
        28606464,
        28606464,
        28606464,
        28606464,
        28606464,
        28606464,
        28606464,
        28606464,
        28606464,
        28606464,
        32800768,
        32800768,
        32800768,
        32800768,
        32800768,
        32800768,
        32800768,
        32800768,
        32800768,
        32800768,
        32800768,
        32800768,
        32800768,
        32800768,
        32800768,
        32800768,
        32800768,
        32800768,
        32800768,
        32800768,
        32800768,
        32800768,
        32800768,
        33062912,
        33062912,
        33062912,
        33062912,
        33062912,
        33062912,
        33062912,
        33062912,
        33062912,
        33062912,
        33062912,
        33062912,
        33062912,
        33062912,
        33062912,
        33062912,
        33062912,
        33062912,
        33062912,
        33062912,
        33062912,
        33062912,
        33062912,
        33062912,
        33062912,
        33062912,
        33062912,
        33062912,
        33062912,
        33062912,
        33062912,
        33062912,
        33062912,
        33062912,
        33062912,
        33062912,
        33062912,
        33062912,
        33062912,
        33062912,
        33062912,
        33062912,
        33062912,
        33325056,
        33325056,
        33325056,
        33325056,
        33325056,
        33325056,
        33325056,
        33325056,
        33325056,
        33325056,
        33325056,
        33325056,
        33325056,
        33325056,
        33325056,
        33325056,
        33325056,
        33325056,
        33325056,
        33325056,
        33325056,
        33325056,
        33325056,
        33325056,
        33325056,
        33325056,
        33325056,
        33325056,
        33325056,
        33325056,
        33325056,
        33325056,
        33325056,
        33325056,
        33325056,
        33325056,
        33325056,
        33325056,
        33325056,
        33325056,
        33325056,
        33325056,
        33325056,
        33325056,
        33325056,
        33325056,
        33325056,
        33325056,
        33325056,
        33325056,
        33325056,
        33325056,
        33325056,
        33325056,
        33325056,
        33325056,
        33325056
      ],